date,total_cars_sold,new_cars_sold,used_cars_sold,real_value_cars_sold,real_new_value_cars_sold,real_used_value_cars_sold
2002-01-31,81033,31106,49927,1983276860,1311790064,671486797
2002-02-28,78502,27520,50982,1779268812,1152499583,626769229
2002-03-31,93019,34225,58794,2118906951,1393518250,725388702
2002-04-30,96269,36452,59817,2203087599,1457386731,745700868
2002-05-31,97936,37359,60577,2231843792,1470619476,761224317
2002-06-30,91763,36348,55415,2140191945,1427246902,712945043
2002-07-31,85602,30367,55235,1861377927,1201573936,659803992
2002-08-31,99275,38965,60310,2377463807,1598418419,779045388
2002-09-30,95225,39740,55485,2361012788,1623118947,737893842
2002-10-31,93296,35276,58020,2252631873,1474406885,778224989
2002-11-30,76878,27812,49066,1821726265,1176690954,645035312
2002-12-31,69455,26994,42461,1779193278,1143277536,635915742
2003-01-31,84188,34707,49481,2118872366,1455332660,663539706
2003-02-28,65633,24585,41048,1579102705,1035445918,543656788
2003-03-31,89218,32705,56513,2024077704,1329199062,694878643
2003-04-30,99538,37682,61856,2305295273,1533224603,772070670
2003-05-31,100214,38472,61742,2341432913,1548503364,792929549
2003-06-30,98477,38573,59904,2355639538,1588222785,767416754
2003-07-31,103899,41088,62811,2486433808,1663949218,822484591
2003-08-31,100385,39556,60829,2419218817,1648925556,770293261
2003-09-30,98743,40464,58279,2432781064,1688665265,744115799
2003-10-31,101014,35465,62417,2422658874,1496938050,785665580
2003-11-30,80810,30155,50655,1943972508,1301180571,642791938
2003-12-31,81491,31668,49823,2063861029,1394849037,669011993
2004-01-31,79788,33361,46427,2086267300,1476695387,609571914
2004-02-29,78622,27780,50842,1817724633,1193465947,624258686
2004-03-31,108106,39340,68766,2438718143,1610107246,828610897
2004-04-30,101537,37478,64059,2292683189,1515038510,777644679
2004-05-31,96408,37819,58589,2212844006,1504263213,708580793
2004-06-30,107831,42758,65073,2491409005,1696875009,794533996
2004-07-31,99323,38329,60994,2340039449,1564550366,775489083
2004-08-31,98281,37175,61106,2318916421,1551348615,767567806
2004-09-30,98950,38712,60238,2411921316,1633585320,778335996
2004-10-31,91885,34839,57046,2210182132,1478019059,732163074
2004-11-30,84513,29859,54654,2031655253,1323203187,708452067
2004-12-31,82941,31058,51883,2082969137,1387493089,695476048
2005-01-31,83171,33637,49534,2160157697,1503929346,656228352
2005-02-28,78373,26707,51666,1767391275,1132672308,634718967
2005-03-31,100365,35277,65088,2278604343,1472381322,806223022
2005-04-30,98586,36609,61977,2222919211,1475317036,747602175
2005-05-31,96956,36191,60765,2194098200,1441664367,752433834
2005-06-30,104695,40674,64021,2459457141,1640327274,819129867
2005-07-31,96794,38189,58605,2365579159,1604246781,761332379
2005-08-31,101008,37408,69589,2355469343,1547524984,877277447
2005-09-30,101850,38909,62941,2335467544,1555670366,779797179
2005-10-31,88759,31392,57367,1979053821,1247101087,731952735
2005-11-30,81968,28915,53053,1873409543,1190098415,683311129
2005-12-31,79016,29787,49229,1910143083,1243687289,666455795
2006-01-31,83076,32331,50745,2053083560,1377477054,675606507
2006-02-28,77060,25688,51372,1704431789,1068581240,635850550
2006-03-31,100372,34167,66205,2203290295,1391855662,811434633
2006-04-30,92247,34099,58148,2085598363,1339307496,746290868
2006-05-31,100611,36904,63707,2212108615,1407110158,804998457
2006-06-30,101757,38718,63039,2283853406,1471878327,811975079
2006-07-31,93273,36662,56611,2146271444,1413334257,732937187
2006-08-31,103667,37151,66516,2318907701,1461184152,857723550
2006-09-30,93018,35334,57684,2147532028,1391892522,755639507
2006-10-31,93279,33211,60068,2127582744,1335653660,791929084
2006-11-30,80914,28138,52776,1878803356,1173354099,705449258
2006-12-31,76976,26879,50097,1767761262,1114544690,653216573
2007-01-31,84707,31430,53277,2047125237,1344866586,702258651
2007-02-28,73153,24793,48360,1625518130,1010083825,615434305
2007-03-31,94375,32862,61513,2085588050,1312089851,773498200
2007-04-30,92833,33705,59128,2048210997,1297084398,751126600
2007-05-31,97875,34931,62944,2111544497,1325244563,786299934
2007-06-30,98508,37333,61175,2186602664,1412725223,773877441
2007-07-31,94250,33259,60991,2041103481,1266070451,775033031
2007-08-31,98596,35186,63410,2186610107,1382125079,804485028
2007-09-30,82789,30248,52541,1850766378,1193808613,656957765
2007-10-31,92313,32965,59348,2069052143,1307211050,761841093
2007-11-30,77753,27160,50593,1728820479,1077077953,651742526
2007-12-31,69581,24312,45269,1544379879,966360529,578019351
2008-01-31,76929,29072,47857,1790779425,1163845622,626933803
2008-02-29,73756,22819,50937,1481123619,886949806,594173813
2008-03-31,83096,27118,55978,1670488596,1019594777,650893820
2008-04-30,89237,30769,58468,1813920076,1122849438,691070639
2008-05-31,84374,29035,55339,1645344951,1017285599,628059352
2008-06-30,85912,31463,54449,1666295733,1061288969,605006765
2008-07-31,86243,29188,57055,1659725195,1032562881,627162314
2008-08-31,79121,25666,53455,1517992721,936551906,581440815
2008-09-30,77957,26751,51206,1547164548,984579854,562584694
2008-10-31,73943,23216,50727,1418759578,874624969,544134610
2008-11-30,67502,16842,39803,1352207335,824759806,527447532
2008-12-31,59831,22822,42611,1409185983,892455893,481481834
2009-01-31,59217,17963,41254,1288618901,734525662,466931362
2009-02-28,63087,14880,48308,1089929714,573927312,481977590
2009-03-31,74792,21640,56948,1413911018,818661025,567412075
2009-04-30,76536,20905,55631,1331219900,764494157,566725744
2009-05-31,70930,19781,51149,1257140031,726487207,530652824
2009-06-30,81241,24509,56732,1492878184,901881753,590996431
2009-07-31,80529,22836,57693,1486309030,865672031,620636999
2009-08-31,77683,25251,52432,1490212444,933211073,605694584
2009-09-30,80353,26992,53361,1619085536,1029470087,589615450
2009-10-31,71500,20717,50783,1393400419,845883969,547516450
2009-11-30,61485,18590,42895,1216359620,749744611,466615009
2009-12-31,60464,18761,41703,1282848768,779464521,503384248
2010-01-31,61007,20419,40588,1276324141,826317139,450007003
2010-02-28,62697,16472,46226,1148432955,652902808,495530148
2010-03-31,84430,21920,62510,1508093756,858390187,649703570
2010-04-30,87073,25844,61229,1658830332,977380052,681450281
2010-05-31,76931,24383,52548,1516611232,910247374,606363859
2010-06-30,86042,25850,60192,1660289494,976061066,684228428
2010-07-31,78070,23136,54934,1563667490,914388372,649279119
2010-08-31,80517,23512,57005,1587143987,934380189,652763798
2010-09-30,78891,24520,54371,1619395521,979773056,639622466
2010-10-31,72914,22003,50911,1483971342,887039257,596932086
2010-11-30,68826,20551,48275,1412787643,845902753,566884890
2010-12-31,65625,21075,44550,1434973047,876918741,558054307
2011-01-31,65531,22239,43292,1428911217,906606920,522304297
2011-02-28,67327,18863,48464,1276674965,754022588,522652378
2011-03-31,93524,27667,65857,1763537649,1052102198,711435451
2011-04-30,83166,25793,57373,1625516161,983500067,642016095
2011-05-31,79599,25464,54135,1563761353,959452428,604308926
2011-06-30,86187,26984,59203,1722122502,1036301838,685820665
2011-07-31,73703,23154,50549,1521729173,908114616,613614557
2011-08-31,80930,24875,56055,1673484098,1000945432,672538666
2011-09-30,75334,24945,50389,1612631336,1003526175,609105162
2011-10-31,72493,22996,49497,1536399434,933073799,603325636
2011-11-30,69217,22177,47040,1514685045,930493880,584191166
2011-12-31,66386,22512,43874,1530182865,965728057,564454808
2012-01-31,71590,25223,46367,1619915585,1051458384,568457201
2012-02-29,74999,21783,53216,1461968165,883724868,578243298
2012-03-31,90706,28280,62426,1760550929,1067068201,693482729
2012-04-30,84380,27467,56913,1697537239,1032220823,665316417
2012-05-31,84486,29390,55096,1771179784,1109839706,661340079
2012-06-30,82810,29662,53148,1802705459,1144547333,658158126
2012-07-31,78739,26593,52146,1701883470,1069458769,632424702
2012-08-31,84844,28765,56079,1833692706,1143186193,690506514
2012-09-30,77237,26671,50566,1646193182,1039578901,606614281
2012-10-31,80760,27300,53460,1725616781,1086601602,639015180
2012-11-30,69669,22996,46673,1498495672,924851629,573644044
2012-12-31,64220,22632,41588,1475234734,934913079,540321655
2013-01-31,73926,27083,46843,1727623732,1123123924,604499808
2013-02-28,69523,21639,47884,1428902665,883454115,545448550
2013-03-31,90346,29606,60740,1851173268,1165248499,685924770
2013-04-30,92172,31273,60899,1898562389,1186387306,712175084
2013-05-31,91217,32103,59114,1935971766,1205279308,730692458
2013-06-30,84219,31181,53038,1835033629,1187437525,647596105
2013-07-31,89624,31348,58276,1960808883,1240594902,720213981
2013-08-31,85208,28407,56801,1827800217,1118934348,708865869
2013-09-30,83179,28654,54525,1827479952,1155238807,672241145
2013-10-31,82539,27106,55433,1852918658,1158583671,694334987
2013-11-30,70416,23235,47181,1588326667,981044105,607282562
2013-12-31,67595,23574,44021,1593001997,1000965588,592036409
2014-01-31,71679,26792,44887,1741260527,1137307361,603953167
2014-02-28,66356,20202,46154,1376159831,825236953,550922879
2014-03-31,83333,25318,58015,1712437306,1018229895,694207412
2014-04-30,91097,29820,61277,1915627402,1176843757,738783645
2014-05-31,88153,31504,56649,1908797964,1213227416,695570548
2014-06-30,91239,32620,58619,1993834868,1255174878,738659990
2014-07-31,93300,33299,60001,2109458397,1332363263,777095135
2014-08-31,87499,30982,56517,1965806461,1257283510,708522951
2014-09-30,91692,32431,59261,2059303626,1319840236,739463390
2014-10-31,88264,29250,59014,1960580672,1201317864,759262809
2014-11-30,68582,22582,46000,1537930340,942972512,594957828
2014-12-31,76491,26419,50072,1784582107,1112048000,672534107
2015-01-31,77354,28889,48465,1955691559,1281716543,673975017
2015-02-28,73468,22430,51038,1565880619,930857680,635022940
2015-03-31,88774,27428,61346,1843979519,1091664559,752314960
2015-04-30,96590,32240,64350,2118217853,1291376099,826841754
2015-05-31,87189,29626,57563,1898767852,1170956909,727810944
2015-06-30,88819,34695,54124,2121857713,1366024971,755832742
2015-07-31,97099,34179,62920,2222421219,1378749225,843671994
2015-08-31,91393,30125,61268,2045401117,1242790590,802610528
2015-09-30,94336,32154,62182,2168343008,1346169778,822173231
2015-10-31,93506,30552,62954,2136448884,1287975119,848473765
2015-11-30,80182,25828,54354,1850027230,1113225507,736801723
2015-12-31,85654,29062,56592,2066711516,1259117163,807594353
2016-01-31,71120,25835,45285,1814923638,1140778988,674144651
2016-02-29,82441,24257,58184,1814027515,1058218678,755808837
2016-03-31,103838,30675,73163,2220736651,1282028262,938708390
2016-04-30,96580,29787,66793,2114496546,1218864953,895631593
2016-05-31,97184,31525,65659,2230695350,1312057338,918638013
2016-06-30,103116,34366,68750,2372974879,1406623563,966351316
2016-07-31,92181,29636,62545,2124311012,1235094368,889216644
2016-08-31,100832,29945,70887,2278353845,1276324587,1002029259
2016-09-30,94600,28544,66056,2200878413,1250252366,950626048
2016-10-31,88760,27082,61678,2034583924,1158696928,875886997
2016-11-30,83418,25381,58037,1912461777,1094315225,818146552
2016-12-31,82439,26205,56234,2013502516,1179218534,834283982
2017-01-31,85410,28827,56583,2121955514,1267681882,854273633
2017-02-28,78402,22413,55989,1731541025,982157551,749383474
2017-03-31,100555,27838,72717,2115881793,1173110156,942771637
2017-04-30,88875,26135,62740,1925209361,1097092528,828116833
2017-05-31,97227,28931,68296,2095986166,1186617914,909368253
2017-06-30,99662,31835,67827,2200079518,1288710725,911368794
2017-07-31,90703,28331,62372,1977602316,1146320865,831281451
2017-08-31,99381,29644,69737,2204971516,1259005962,945965555
2017-09-30,88100,28175,59925,2003252854,1197444233,805808621
2017-10-31,91803,27886,63917,2083546015,1211636315,871909700
2017-11-30,82117,24970,57147,1876166771,1075154720,801012051
2017-12-31,76205,24944,51261,1802722142,1082547361,720174782
2018-01-31,83883,28607,55276,2075769424,1266394581,809374844
2018-02-28,75987,21448,54539,1636898687,914095163,722803525
2018-03-31,94202,26914,67288,1981157141,1105987071,875170070
2018-04-30,92776,26729,66047,1990159184,1125630450,864528735
2018-05-31,98482,30967,67515,2095701898,1200060880,895641019
2018-06-30,96379,31779,64600,2191457924,1293710952,897746972
2018-07-31,97459,30342,67117,2190075730,1256962891,933112840
2018-08-31,100055,30188,69867,2269266394,1305563948,963702447
2018-09-30,85663,27180,58483,1969436620,1146699300,822737321
2018-10-31,95482,28879,66603,2173046132,1233145418,939900714
2018-11-30,82326,24846,57480,1901732600,1072672597,829060004
2018-12-31,80131,26350,53781,1943669202,1165077313,778591890
2019-01-31,89997,31090,58907,2274413729,1383862133,890551597
2019-02-28,74272,21694,52578,1675785309,930837061,744948248
2019-03-31,93507,26485,67022,1991092258,1108553945,882538314
2019-04-30,100513,30044,70469,2203290489,1248073593,955216896
2019-05-31,98638,29396,69242,2179622637,1207405018,972217620
2019-06-30,92264,29142,63122,2140286780,1238117473,902169308
2019-07-31,99398,30821,68577,2325303658,1329206280,996097379
2019-08-31,95558,28399,67159,2177573551,1220448266,957125286
2019-09-30,92437,29591,62846,2182038550,1286148750,895889800
2019-10-31,95548,28967,66581,2250425968,1266890617,983535352
2019-11-30,78907,23573,55334,1861084641,1039895831,821188811
2019-12-31,80328,24839,55489,1929031992,1099176487,829855506
2020-01-31,85281,27704,57577,2114495797,1246792394,867703404
2020-02-29,77376,22344,55032,1742734429,956112657,786621772
2020-03-31,82836,23873,58963,1898503653,1020210198,878293456
2020-04-30,80309,25160,55149,1857740214,1086086242,771653973
2020-05-31,80132,25842,54291,1869814334,1099139198,770675137
2020-06-30,87099,23704,63395,1827159355,986634965,840524390
2020-07-31,88095,26190,61905,2080363336,1188922454,891440882
2020-08-31,86700,27372,59328,2059165652,1230567801,828597851
2020-09-30,81768,27733,54035,2034977187,1263640872,771336316
2020-10-31,74105,24777,49328,1820221263,1111993804,708227460
2020-11-30,71785,25187,46598,1870358925,1143938053,726420872
2020-12-31,72488,28061,44427,2211302737,1480076163,731226574
2021-01-31,69608,21674,47934,1713358374,981217515,732140859
2021-02-28,62885,20579,42306,1586242303,934611572,651630731
2021-03-31,101204,34794,66410,2465846945,1476786121,989060824
2021-04-30,96661,32730,63931,2404309996,1404876192,999433804
2021-05-31,94339,33788,60551,2458909523,1490300032,968609491
2021-06-30,84017,28039,55978,2236247372,1278694864,957552509
2021-07-31,83638,25779,57859,2169857835,1190647763,979210073
2021-08-31,80513,23233,57280,2093564316,1125098552,968465764
2021-09-30,74979,20975,54004,1955961183,1017686231,938274952
2021-10-31,72888,20843,52045,1927797187,1010791654,917005533
2021-11-30,67787,20511,47276,1943021778,1007277857,846885642
2021-12-31,65489,22677,42812,1947939475,1130818621,817120855
2022-01-31,59657,19160,40497,1685143494,926274134,758869361
2022-02-28,68211,21769,46442,1897097069,1018192972,760416114
2022-03-31,83601,26148,57453,2207398118,1203730480,1003667638
2022-04-30,75426,23756,51670,1989014316,1048653773,940360543
2022-05-31,74535,23162,51373,2003047952,1049711680,953336272
2022-06-30,77807,22954,51534,1909879643,1056646667,853232976
2022-07-31,71296,22001,49295,1892343499,1020739587,871603913
2022-08-31,72455,22594,49861,1954012613,1088523322,865489292
2022-09-30,71239,22941,48298,2016064521,1142197131,873867391
2022-10-31,69580,22255,47325,1933009787,1098810112,834199676
2022-11-30,64462,21117,43345,1786674565,1027111587,759562979
2022-12-31,63931,23025,40906,1900249749,1157825932,742423817
2023-01-31,66580,21037,45543,1803524715,1019732730,783791985
2023-02-28,65213,20893,44320,1713427486,983423912,730003574
2023-03-31,81580,28023,53557,2167230211,1274577236,892652975
2023-04-30,74148,25918,48230,1948337198,1157827977,790509222
2023-05-31,79788,28372,51416,2127143631,1256464658,870678974
2023-06-30,77614,27001,50613,2060240273,1233270939,826969335
2023-07-31,75862,26360,49502,2112795431,1213082831,899712600
2023-08-31,78601,25876,52725,2148818539,1232783817,916034722
2023-09-30,69278,23892,48043,1888005721,1139805538,748200184
2023-10-31,69248,23775,45473,1870599863,1127101054,743498810
2023-11-30,64980,22720,42260,1760750411,1064941698,695808714
2023-12-31,66566,26010,40556,1907969542,1233234965,674734577
